id,type,ssapId,Title,country,fundCode,title0,status,contractNumber,supplierCode,supplierName,trls,other,yearAchievement,submissionDate,submittedBy,lastAuthor,scheme,arap_PlannedStartTRL,arap_PlannedEndTRL,arap_Description,arap_StartofActivity,arap_EED,arap_ProspectforUse,arap_PerformanceofCompagny,arap_Note,arap_OverallAmount,arap_lastModifiedOn,description,author0,esaInternal,technicalOfficer
1,activity,activity_ESA-2025-001,In-Orbit Demonstration of 3D Printed Solar Array,Germany,FND-ESA-001,3D Printed Solar Array Demo,"06/01/2025, 12:00:00 AM",CTR-ESA-001,SUP-ESA-001,DCUBED,8,,2025,"03/10/2025, 12:00:00 AM",Dr. Müller,Dr. Schmidt,ESA ScaleUp INVEST,7,8,Demonstrated the first in-orbit 3D printed solar array,"01/15/2025, 12:00:00 AM","06/01/2025, 12:00:00 AM",Used for small satellites,Improved satellite deployment efficiency,,1200000,"06/01/2025, 12:00:00 AM",Demonstrated lightweight solar array technology,Dr. Müller,False,Ing. Becker
2,activity,activity_ESA-2025-002,Earth Observation for Precision Agriculture,France,FND-ESA-002,EO Agriculture,"07/01/2025, 12:00:00 AM",CTR-ESA-002,SUP-ESA-002,Airbus Defence and Space,7,,2025,"03/15/2025, 12:00:00 AM",Mme. Dupont,Mme. Leclerc,ESA Business Applications,6,7,Monitored crop health via satellites,"02/01/2025, 12:00:00 AM","07/01/2025, 12:00:00 AM",Optimized irrigation and fertilizer usage,Enhanced agricultural productivity,,900000,"07/01/2025, 12:00:00 AM",Integrated EO data into farming processes,Mme. Dupont,False,Ing. Moreau
3,activity,activity_ESA-2025-003,Maritime Safety Enhancement via Satellite Navigation,Italy,FND-ESA-003,Maritime SatNav,"08/01/2025, 12:00:00 AM",CTR-ESA-003,SUP-ESA-003,Thales Alenia Space,6,,2025,"03/20/2025, 12:00:00 AM",Ing. Rossi,Ing. Bianchi,Horizon Europe,5,6,Developed satellite navigation for maritime routes,"02/15/2025, 12:00:00 AM","08/01/2025, 12:00:00 AM",Improved safety and route optimization,Reduced accidents,,1500000,"08/01/2025, 12:00:00 AM",Enhanced maritime navigation via GNSS,Ing. Rossi,False,Ing. Conti
4,activity,activity_ESA-2025-004,Satellite Communication for Remote Area Connectivity,Spain,FND-ESA-004,Remote Comms,"05/01/2025, 12:00:00 AM",CTR-ESA-004,SUP-ESA-004,Hisdesat,5,,2025,"03/12/2025, 12:00:00 AM",Ing. Garcia,Ing. Martinez,ESA ARTES,4,5,Implemented satellite communication for remote regions,"01/10/2025, 12:00:00 AM","05/01/2025, 12:00:00 AM",Improved internet access in rural areas,Enhanced connectivity,,750000,"05/01/2025, 12:00:00 AM",Satellite-based remote communications deployed,Ing. Garcia,False,Ing. Perez
5,activity,activity_ESA-2025-005,Advanced Weather Monitoring via Space Assets,United Kingdom,FND-ESA-005,WeatherSat,"06/15/2025, 12:00:00 AM",CTR-ESA-005,SUP-ESA-005,Surrey Satellite Technology Ltd,8,,2025,"03/25/2025, 12:00:00 AM",Dr. Smith,Dr. Johnson,ESA Earth Observation,7,8,Developed satellite system for weather monitoring,"02/01/2025, 12:00:00 AM","06/15/2025, 12:00:00 AM",Improved real-time weather forecasting,Enhanced climate data analysis,,1100000,"06/15/2025, 12:00:00 AM",Advanced weather monitoring satellites launched,Dr. Smith,False,Ing. Taylor
6,activity,activity_ESA-2025-006,Disaster Management Platform Utilizing Space Data,Germany,FND-ESA-006,Disaster Management Platform,"09/01/2025, 12:00:00 AM",CTR-ESA-006,SUP-ESA-006,OHB System AG,7,,2025,"04/01/2025, 12:00:00 AM",Dr. Weber,Dr. Klein,ESA Business Applications,6,7,Integrated satellite data for disaster response,"03/01/2025, 12:00:00 AM","09/01/2025, 12:00:00 AM",Improved emergency preparedness,Enhanced civil protection,,950000,"09/01/2025, 12:00:00 AM",Disaster management satellite platform deployed,Dr. Weber,False,Ing. Huber
7,activity,activity_ESA-2025-007,Environmental Monitoring via Satellite Technology,France,FND-ESA-007,EnviroSat,"07/20/2025, 12:00:00 AM",CTR-ESA-007,SUP-ESA-007,Airbus Defence and Space,6,,2025,"03/30/2025, 12:00:00 AM",Mme. Lambert,Mme. Moreau,ESA Earth Observation,5,6,Monitored environmental changes and pollution levels,"02/10/2025, 12:00:00 AM","07/20/2025, 12:00:00 AM",Supported environmental protection initiatives,Improved policy decisions,,1050000,"07/20/2025, 12:00:00 AM",Satellite environmental monitoring system deployed,Mme. Lambert,False,Ing. Dubois
8,activity,activity_ESA-2025-008,Precision Agriculture Tools Using Space Data,Netherlands,FND-ESA-008,Agritech Tools,"08/10/2025, 12:00:00 AM",CTR-ESA-008,SUP-ESA-008,TNO,5,,2025,"04/05/2025, 12:00:00 AM",Dr. Van Dijk,Dr. Jansen,ESA Business Applications,4,5,Developed satellite-based precision agriculture tools,"03/01/2025, 12:00:00 AM","08/10/2025, 12:00:00 AM",Enhanced farming efficiency,Reduced resource waste,,820000,"08/10/2025, 12:00:00 AM",Precision agriculture tools deployed,Dr. Van Dijk,False,Ing. Bakker
9,activity,activity_ESA-2025-009,Enhanced Emergency Services via Satellite Communication,Portugal,FND-ESA-009,Emergency SatCom,"09/15/2025, 12:00:00 AM",CTR-ESA-009,SUP-ESA-009,EMSO,6,,2025,"04/12/2025, 12:00:00 AM",Ing. Silva,Ing. Ferreira,ESA ARTES,5,6,Improved satellite communication for emergency response,"03/15/2025, 12:00:00 AM","09/15/2025, 12:00:00 AM",Reduced response times,Enhanced coordination,,780000,"09/15/2025, 12:00:00 AM",Satellite emergency communication system deployed,Ing. Silva,False,Ing. Costa
10,activity,activity_ESA-2025-010,Maritime Surveillance via Space Assets,Finland,FND-ESA-010,Maritime SatMon,"07/30/2025, 12:00:00 AM",CTR-ESA-010,SUP-ESA-010,VTT Technical Research Centre,7,,2025,"04/01/2025, 12:00:00 AM",Dr. Laine,Dr. Niemi,ESA Earth Observation,6,7,Monitored maritime activities and ensured safety,"02/20/2025, 12:00:00 AM","07/30/2025, 12:00:00 AM",Improved maritime security,Reduced incidents,,1200000,"07/30/2025, 12:00:00 AM",Maritime satellite surveillance system deployed,Dr. Laine,False,Ing. Korhonen
11,activity,activity_ESA-2025-011,Urban Planning Tools Utilizing Space Data,Belgium,FND-ESA-011,UrbanSat,"06/20/2025, 12:00:00 AM",CTR-ESA-011,SUP-ESA-011,Spacebel,5,,2025,"03/18/2025, 12:00:00 AM",Ing. Dupont,Ing. Martin,ESA Business Applications,4,5,Integrated satellite data into urban planning,"02/01/2025, 12:00:00 AM","06/20/2025, 12:00:00 AM",Enhanced city planning,Optimized land use,,880000,"06/20/2025, 12:00:00 AM",Urban planning tools deployed,Ing. Dupont,False,Ing. Morel
12,activity,activity_ESA-2025-012,Climate Change Monitoring via Satellite Technology,Sweden,FND-ESA-012,ClimateSat,"08/05/2025, 12:00:00 AM",CTR-ESA-012,SUP-ESA-012,Lund University,6,,2025,"04/05/2025, 12:00:00 AM",Dr. Andersson,Dr. Svensson,ESA Earth Observation,5,6,Monitored climate change indicators from space,"03/01/2025, 12:00:00 AM","08/05/2025, 12:00:00 AM",Provided climate data for policy,Improved climate modeling,,1000000,"08/05/2025, 12:00:00 AM",Satellite climate monitoring system deployed,Dr. Andersson,False,Ing. Johansson
13,activity,activity_ESA-2025-013,Infrastructure Monitoring Using Space Assets,Austria,FND-ESA-013,InfraSat,"09/10/2025, 12:00:00 AM",CTR-ESA-013,SUP-ESA-013,Austrian Space Applications Programme,7,,2025,"04/10/2025, 12:00:00 AM",Ing. Gruber,Ing. Bauer,ESA ARTES,6,7,Monitored infrastructure status and maintenance needs,"03/15/2025, 12:00:00 AM","09/10/2025, 12:00:00 AM",Reduced maintenance costs,Enhanced safety,,920000,"09/10/2025, 12:00:00 AM",Infrastructure monitoring satellites deployed,Ing. Gruber,False,Ing. Fischer
14,activity,activity_ESA-2025-014,Smart Logistics via Satellite Tracking,Italy,FND-ESA-014,LogiSat,"07/25/2025, 12:00:00 AM",CTR-ESA-014,SUP-ESA-014,Leonardo,6,,2025,"04/02/2025, 12:00:00 AM",Ing. Colombo,Ing. Ricci,ESA Business Applications,5,6,Tracked shipments and optimized logistics,"02/20/2025, 12:00:00 AM","07/25/2025, 12:00:00 AM",Improved delivery times,Reduced operational costs,,850000,"07/25/2025, 12:00:00 AM",Satellite logistics system deployed,Ing. Colombo,False,Ing. Bianchi
15,activity,activity_ESA-2025-015,Satellite-Based Air Traffic Management,Spain,FND-ESA-015,AirSat,"08/15/2025, 12:00:00 AM",CTR-ESA-015,SUP-ESA-015,Indra,7,,2025,"04/08/2025, 12:00:00 AM",Ing. Martinez,Ing. Alvarez,ESA ARTES,6,7,Enhanced air traffic monitoring and control,"03/01/2025, 12:00:00 AM","08/15/2025, 12:00:00 AM",Reduced flight delays,Increased air safety,,1100000,"08/15/2025, 12:00:00 AM",Air traffic monitoring system deployed,Ing. Martinez,False,Ing. Lopez
16,activity,activity_ESA-2025-016,Space-Based Telemedicine Applications,France,FND-ESA-016,TeleMedSat,"09/05/2025, 12:00:00 AM",CTR-ESA-016,SUP-ESA-016,Thales Alenia Space,6,,2025,"04/12/2025, 12:00:00 AM",Mme. Dubois,Mme. Laurent,ESA Business Applications,5,6,Developed telemedicine solutions using satellite links,"03/10/2025, 12:00:00 AM","09/05/2025, 12:00:00 AM",Improved remote healthcare,Enhanced patient monitoring,,970000,"09/05/2025, 12:00:00 AM",Telemedicine satellite system deployed,Mme. Dubois,False,Ing. Moreau
17,activity,activity_ESA-2025-017,Satellite-Based Border Surveillance,Germany,FND-ESA-017,BorderSat,"07/18/2025, 12:00:00 AM",CTR-ESA-017,SUP-ESA-017,Airbus Defence and Space,7,,2025,"03/22/2025, 12:00:00 AM",Dr. Klein,Dr. Meyer,ESA ARTES,6,7,Monitored borders and enhanced security,"02/28/2025, 12:00:00 AM","07/18/2025, 12:00:00 AM",Reduced illegal crossings,Enhanced border management,,1050000,"07/18/2025, 12:00:00 AM",Border surveillance satellites deployed,Dr. Klein,False,Ing. Fischer
18,activity,activity_ESA-2025-018,Maritime Pollution Tracking via Satellites,Netherlands,FND-ESA-018,MarineSat,"08/28/2025, 12:00:00 AM",CTR-ESA-018,SUP-ESA-018,TNO,6,,2025,"04/15/2025, 12:00:00 AM",Dr. Van Leeuwen,Dr. Smit,ESA Earth Observation,5,6,Tracked maritime pollution and emissions,"03/05/2025, 12:00:00 AM","08/28/2025, 12:00:00 AM",Improved environmental policies,Enhanced pollution control,,980000,"08/28/2025, 12:00:00 AM",Marine pollution monitoring satellites deployed,Dr. Van Leeuwen,False,Ing. Bakker
19,activity,activity_ESA-2025-019,Smart Energy Grid Optimization via Satellite Data,Italy,FND-ESA-019,EnergySat,"09/12/2025, 12:00:00 AM",CTR-ESA-019,SUP-ESA-019,Leonardo,7,,2025,"04/20/2025, 12:00:00 AM",Ing. Rossi,Ing. Bianchi,ESA Business Applications,6,7,Optimized energy distribution using satellite data,"03/12/2025, 12:00:00 AM","09/12/2025, 12:00:00 AM",Reduced energy losses,Improved grid stability,,1100000,"09/12/2025, 12:00:00 AM",Satellite energy grid optimization deployed,Ing. Rossi,False,Ing. Conti
20,activity,activity_ESA-2025-020,Satellite-Assisted Traffic Management,France,FND-ESA-020,TrafficSat,"07/22/2025, 12:00:00 AM",CTR-ESA-020,SUP-ESA-020,Thales Alenia Space,6,,2025,"03/28/2025, 12:00:00 AM",Mme. Dupont,Mme. Leclerc,ESA ARTES,5,6,Monitored traffic and improved urban mobility,"02/22/2025, 12:00:00 AM","07/22/2025, 12:00:00 AM",Reduced congestion,Enhanced traffic planning,,950000,"07/22/2025, 12:00:00 AM",Traffic management satellite system deployed,Mme. Dupont,False,Ing. Moreau
